-- =====================================================
-- Seed data for Nafisa Aldoo School
-- بسم الله الرحمن الرحيم
-- مدرسة نفيسة محمد الضوء المتوسطة الخاصة بنات بأبي عشر
-- =====================================================

-- Clear existing data (be careful in production!)
DELETE FROM class_enrollments;
DELETE FROM subjects;
DELETE FROM class_sections;
DELETE FROM academic_years;
DELETE FROM users WHERE role IN ('STUDENT', 'TEACHER', 'STAFF', 'ADMIN');

-- =====================================================
-- Insert Teachers (7 معلمات)
-- =====================================================
INSERT INTO users (id, first_name, last_name, email, password, role, status, created_at, updated_at) VALUES
('00000000-0000-0000-0000-000000000101', 'زينب مريود', 'المحبوب عبد الصادق', 'zainab.mahmoud@nafisa-school.edu.sd', '$2b$10$abcdefghijklmnopqrstuvwxyz', 'TEACHER', 'ACTIVE', NOW(), NOW()),
('00000000-0000-0000-0000-000000000102', 'إنصاف إبراهيم', 'محمد أحمد', 'insaf.ibrahim@nafisa-school.edu.sd', '$2b$10$abcdefghijklmnopqrstuvwxyz', 'TEACHER', 'ACTIVE', NOW(), NOW()),
('00000000-0000-0000-0000-000000000103', 'سعدية عبد الرحمن', 'جميل الله أحمد', 'saadia.abdulrahman@nafisa-school.edu.sd', '$2b$10$abcdefghijklmnopqrstuvwxyz', 'TEACHER', 'ACTIVE', NOW(), NOW()),
('00000000-0000-0000-0000-000000000104', 'إلهام إبراهيم', 'البشير عمر', 'elham.ibrahim@nafisa-school.edu.sd', '$2b$10$abcdefghijklmnopqrstuvwxyz', 'TEACHER', 'ACTIVE', NOW(), NOW()),
('00000000-0000-0000-0000-000000000105', 'صلحة علي', 'رملي محمد', 'salha.ali@nafisa-school.edu.sd', '$2b$10$abcdefghijklmnopqrstuvwxyz', 'TEACHER', 'ACTIVE', NOW(), NOW()),
('00000000-0000-0000-0000-000000000106', 'هند المسلمي', 'يوسف إبراهيم', 'hind.almuslimi@nafisa-school.edu.sd', '$2b$10$abcdefghijklmnopqrstuvwxyz', 'TEACHER', 'ACTIVE', NOW(), NOW()),
('00000000-0000-0000-0000-000000000107', 'إلهام مريود', 'المحبوب عبد الصادق', 'elham.mahmoud@nafisa-school.edu.sd', '$2b$10$abcdefghijklmnopqrstuvwxyz', 'TEACHER', 'ACTIVE', NOW(), NOW());

-- =====================================================
-- Insert Staff Members (4 أفراد)
-- =====================================================
INSERT INTO users (id, first_name, last_name, email, password, role, status, created_at, updated_at) VALUES
('00000000-0000-0000-0000-000000000201', 'زهراء عبد الرحمن', 'جميل الله أحمد', 'zahraa.abdulrahman@nafisa-school.edu.sd', '$2b$10$abcdefghijklmnopqrstuvwxyz', 'ADMIN', 'ACTIVE', NOW(), NOW()), -- المديرة
('00000000-0000-0000-0000-000000000202', 'آمال الطيب', 'عبد الرحمن جميل الله', 'amal.altayeb@nafisa-school.edu.sd', '$2b$10$abcdefghijklmnopqrstuvwxyz', 'STAFF', 'ACTIVE', NOW(), NOW()), -- التسجيل والحسابات
('00000000-0000-0000-0000-000000000203', 'حسنات حسن', 'محمد الحسن', 'hasanat.hassan@nafisa-school.edu.sd', '$2b$10$abcdefghijklmnopqrstuvwxyz', 'STAFF', 'ACTIVE', NOW(), NOW()), -- عاملة النظافة
('00000000-0000-0000-0000-000000000204', 'عيسى آدم', 'محمد', 'issa.adam@nafisa-school.edu.sd', '$2b$10$abcdefghijklmnopqrstuvwxyz', 'STAFF', 'ACTIVE', NOW(), NOW()); -- الحارس

-- =====================================================
-- Insert First Grade Students (الصف الأول - 12 طالبة)
-- =====================================================
INSERT INTO users (id, first_name, last_name, email, password, role, date_of_birth, status, created_at, updated_at) VALUES
('00000000-0000-0000-0000-000000000301', 'إسراء الصديق', 'الريح خلف الله', 'israa.alsadiq@student.nafisa-school.edu.sd', '$2b$10$student', 'STUDENT', '2012-01-15', 'ACTIVE', NOW(), NOW()),
('00000000-0000-0000-0000-000000000302', 'دان بهاء الدين', 'الهادي محمد', 'dan.bahaaldeen@student.nafisa-school.edu.sd', '$2b$10$student', 'STUDENT', '2012-03-20', 'ACTIVE', NOW(), NOW()),
('00000000-0000-0000-0000-000000000303', 'وسام عبد الوهاب', 'بابكر عبد الرحمن', 'wisam.abdulwahab@student.nafisa-school.edu.sd', '$2b$10$student', 'STUDENT', '2012-05-10', 'ACTIVE', NOW(), NOW()),
('00000000-0000-0000-0000-000000000304', 'جدية إبراهيم', 'أحمد محمد', 'jadiya.ibrahim@student.nafisa-school.edu.sd', '$2b$10$student', 'STUDENT', '2012-02-25', 'ACTIVE', NOW(), NOW()),
('00000000-0000-0000-0000-000000000305', 'وئام المعز', 'عوض محمد إبراهيم', 'weaam.almouez@student.nafisa-school.edu.sd', '$2b$10$student', 'STUDENT', '2012-07-18', 'ACTIVE', NOW(), NOW()),
('00000000-0000-0000-0000-000000000306', 'أميرة نصر الدين', 'الأمين محمدين', 'amira.nasraldeen@student.nafisa-school.edu.sd', '$2b$10$student', 'STUDENT', '2012-04-12', 'ACTIVE', NOW(), NOW()),
('00000000-0000-0000-0000-000000000307', 'فوزية محمد', 'رحمة الله عبد القادر', 'fawzia.mohammed@student.nafisa-school.edu.sd', '$2b$10$student', 'STUDENT', '2012-09-08', 'ACTIVE', NOW(), NOW()),
('00000000-0000-0000-0000-000000000308', 'مروة آدم', 'زكريا حسن', 'marwa.adam@student.nafisa-school.edu.sd', '$2b$10$student', 'STUDENT', '2012-06-22', 'ACTIVE', NOW(), NOW()),
('00000000-0000-0000-0000-000000000309', 'هناء عادل', 'حسب الرسول', 'hanaa.adel@student.nafisa-school.edu.sd', '$2b$10$student', 'STUDENT', '2012-11-30', 'ACTIVE', NOW(), NOW()),
('00000000-0000-0000-0000-000000000310', 'كوكب صالح', 'عبد الصادق عثمان', 'kawkab.saleh@student.nafisa-school.edu.sd', '$2b$10$student', 'STUDENT', '2012-08-14', 'ACTIVE', NOW(), NOW()),
('00000000-0000-0000-0000-000000000311', 'ريان سيف الدين', 'قسم السيد يونس', 'rayan.saifaldeen@student.nafisa-school.edu.sd', '$2b$10$student', 'STUDENT', '2012-10-05', 'ACTIVE', NOW(), NOW()),
('00000000-0000-0000-0000-000000000312', 'نورة عبد الله', 'محمد أحمد', 'noura.abdullah@student.nafisa-school.edu.sd', '$2b$10$student', 'STUDENT', '2012-12-20', 'ACTIVE', NOW(), NOW());

-- =====================================================
-- Insert Second Grade Students (الصف الثاني - 2 طالبة)
-- =====================================================
INSERT INTO users (id, first_name, last_name, email, password, role, date_of_birth, status, created_at, updated_at) VALUES
('00000000-0000-0000-0000-000000000401', 'رتاج أحمد', 'علي محمد أبوكليوة', 'retaj.ahmed@student.nafisa-school.edu.sd', '$2b$10$student', 'STUDENT', '2011-03-15', 'ACTIVE', NOW(), NOW()),
('00000000-0000-0000-0000-000000000402', 'ولاء خالد', 'حسن هجانة بشارة', 'walaa.khaled@student.nafisa-school.edu.sd', '$2b$10$student', 'STUDENT', '2011-05-22', 'ACTIVE', NOW(), NOW());

-- =====================================================
-- Insert Subjects (المواد الدراسية)
-- =====================================================
INSERT INTO subjects (id, name, code, description, is_active, created_at, updated_at) VALUES
('a0000000-0000-0000-0000-000000000001', 'Arabic Language - اللغة العربية', 'AR-101', 'تدريس اللغة العربية والآداب - معلمة: زينب مريود', TRUE, NOW(), NOW()),
('a0000000-0000-0000-0000-000000000002', 'Mathematics - الرياضيات', 'MATH-101', 'تدريس الرياضيات والحساب - معلمة: إنصاف إبراهيم', TRUE, NOW(), NOW()),
('a0000000-0000-0000-0000-000000000003', 'Islamic Education - التربية الإسلامية', 'ISLAM-101', 'تدريس التربية الإسلامية والقرآن الكريم - معلمة: سعدية عبد الرحمن', TRUE, NOW(), NOW()),
('a0000000-0000-0000-0000-000000000004', 'English Language - اللغة الإنجليزية', 'ENG-101', 'تدريس اللغة الإنجليزية - معلمات: إلهام إبراهيم و صلحة علي', TRUE, NOW(), NOW()),
('a0000000-0000-0000-0000-000000000005', 'Geography - الجغرافيا', 'GEO-101', 'تدريس الجغرافيا - معلمة: هند المسلمي', TRUE, NOW(), NOW()),
('a0000000-0000-0000-0000-000000000006', 'Technology - التكنولوجيا', 'TECH-101', 'تدريس التكنولوجيا والحاسوب - معلمة: هند المسلمي', TRUE, NOW(), NOW()),
('a0000000-0000-0000-0000-000000000007', 'History - التاريخ', 'HIST-101', 'تدريس التاريخ - معلمة: إلهام مريود', TRUE, NOW(), NOW()),
('a0000000-0000-0000-0000-000000000008', 'Science - العلوم', 'SCI-101', 'تدريس العلوم الطبيعية - معلمة: إلهام مريود', TRUE, NOW(), NOW());

-- =====================================================
-- Insert Academic Year
-- =====================================================
INSERT INTO academic_years (id, name, start_date, end_date, is_current, created_at, updated_at) VALUES
('b0000000-0000-0000-0000-000000000001', '2025-2026', '2025-09-01', '2026-06-30', TRUE, NOW(), NOW());

-- =====================================================
-- Insert Class Sections
-- =====================================================
INSERT INTO class_sections (id, name, grade_level, max_students, academic_year_id, is_active, created_at, updated_at) VALUES
('c0000000-0000-0000-0000-000000000001', 'الصف الأول', 'GRADE_1', 30, 'b0000000-0000-0000-0000-000000000001', TRUE, NOW(), NOW()),
('c0000000-0000-0000-0000-000000000002', 'الصف الثاني', 'GRADE_2', 30, 'b0000000-0000-0000-0000-000000000001', TRUE, NOW(), NOW()),
('c0000000-0000-0000-0000-000000000003', 'الصف الثالث', 'GRADE_3', 30, 'b0000000-0000-0000-0000-000000000001', TRUE, NOW(), NOW());

-- =====================================================
-- Enroll Students in Class Sections
-- =====================================================
-- First Grade Students (12 طالبة)
INSERT INTO class_enrollments (id, student_id, class_section_id, academic_year_id, enrollment_date, status, created_at, updated_at) VALUES
('e0000000-0000-0000-0000-000000000301', '00000000-0000-0000-0000-000000000301', 'c0000000-0000-0000-0000-000000000001', 'b0000000-0000-0000-0000-000000000001', '2025-09-01', 'ACTIVE', NOW(), NOW()),
('e0000000-0000-0000-0000-000000000302', '00000000-0000-0000-0000-000000000302', 'c0000000-0000-0000-0000-000000000001', 'b0000000-0000-0000-0000-000000000001', '2025-09-01', 'ACTIVE', NOW(), NOW()),
('e0000000-0000-0000-0000-000000000303', '00000000-0000-0000-0000-000000000303', 'c0000000-0000-0000-0000-000000000001', 'b0000000-0000-0000-0000-000000000001', '2025-09-01', 'ACTIVE', NOW(), NOW()),
('e0000000-0000-0000-0000-000000000304', '00000000-0000-0000-0000-000000000304', 'c0000000-0000-0000-0000-000000000001', 'b0000000-0000-0000-0000-000000000001', '2025-09-01', 'ACTIVE', NOW(), NOW()),
('e0000000-0000-0000-0000-000000000305', '00000000-0000-0000-0000-000000000305', 'c0000000-0000-0000-0000-000000000001', 'b0000000-0000-0000-0000-000000000001', '2025-09-01', 'ACTIVE', NOW(), NOW()),
('e0000000-0000-0000-0000-000000000306', '00000000-0000-0000-0000-000000000306', 'c0000000-0000-0000-0000-000000000001', 'b0000000-0000-0000-0000-000000000001', '2025-09-01', 'ACTIVE', NOW(), NOW()),
('e0000000-0000-0000-0000-000000000307', '00000000-0000-0000-0000-000000000307', 'c0000000-0000-0000-0000-000000000001', 'b0000000-0000-0000-0000-000000000001', '2025-09-01', 'ACTIVE', NOW(), NOW()),
('e0000000-0000-0000-0000-000000000308', '00000000-0000-0000-0000-000000000308', 'c0000000-0000-0000-0000-000000000001', 'b0000000-0000-0000-0000-000000000001', '2025-09-01', 'ACTIVE', NOW(), NOW()),
('e0000000-0000-0000-0000-000000000309', '00000000-0000-0000-0000-000000000309', 'c0000000-0000-0000-0000-000000000001', 'b0000000-0000-0000-0000-000000000001', '2025-09-01', 'ACTIVE', NOW(), NOW()),
('e0000000-0000-0000-0000-000000000310', '00000000-0000-0000-0000-000000000310', 'c0000000-0000-0000-0000-000000000001', 'b0000000-0000-0000-0000-000000000001', '2025-09-01', 'ACTIVE', NOW(), NOW()),
('e0000000-0000-0000-0000-000000000311', '00000000-0000-0000-0000-000000000311', 'c0000000-0000-0000-0000-000000000001', 'b0000000-0000-0000-0000-000000000001', '2025-09-01', 'ACTIVE', NOW(), NOW()),
('e0000000-0000-0000-0000-000000000312', '00000000-0000-0000-0000-000000000312', 'c0000000-0000-0000-0000-000000000001', 'b0000000-0000-0000-0000-000000000001', '2025-09-01', 'ACTIVE', NOW(), NOW()),
-- Second Grade Students (2 طالبة)
('e0000000-0000-0000-0000-000000000401', '00000000-0000-0000-0000-000000000401', 'c0000000-0000-0000-0000-000000000002', 'b0000000-0000-0000-0000-000000000001', '2025-09-01', 'ACTIVE', NOW(), NOW()),
('e0000000-0000-0000-0000-000000000402', '00000000-0000-0000-0000-000000000402', 'c0000000-0000-0000-0000-000000000002', 'b0000000-0000-0000-0000-000000000001', '2025-09-01', 'ACTIVE', NOW(), NOW());

-- =====================================================
-- Summary Statistics
-- =====================================================
-- Total Teachers: 7 معلمات
--   1. زينب مريود المحبوب عبد الصادق - اللغة العربية
--   2. إنصاف إبراهيم محمد أحمد - الرياضيات
--   3. سعدية عبد الرحمن جميل الله أحمد - التربية الإسلامية
--   4. إلهام إبراهيم البشير عمر - اللغة الإنجليزية
--   5. صلحة علي رملي محمد - اللغة الإنجليزية
--   6. هند المسلمي يوسف إبراهيم - جغرافيا/تكنولوجيا
--   7. إلهام مريود المحبوب عبد الصادق - التاريخ/العلوم
--
-- Total Students: 14 طالبة
--   - Grade 1: 12 طالبة
--   - Grade 2: 2 طالبة
--   - Grade 3: 0 (لا يوجد طالبات بالصف الثالث)
--
-- Total Staff: 4 أفراد
--   1. زهراء عبد الرحمن جميل الله أحمد - المديرة (ADMIN)
--   2. آمال الطيب عبد الرحمن جميل الله - التسجيل والحسابات
--   3. حسنات حسن محمد الحسن - عاملة النظافة
--   4. عيسى آدم محمد - الحارس
--
-- Total Subjects: 8 مواد
-- Academic Year: 2025-2026
-- School: مدرسة نفيسة محمد الضوء المتوسطة الخاصة بنات - أبي عشر
-- =====================================================
